deviceType,deviceId,eventType,format,timestamp,WS_sensorData_NO2,WS_sensorData_NO,WS_sensorData_NOX,WS_sensorData_StWd,WS_sensorData_WDS,WS_sensorData_WDD,WS_sensorData_ITemp,WS_sensorData_O3,WS_sensorData_SO2,WS_sensorData_CO,WS_sensorData_Filter,WS_sensorData_PM10,WS_sensorData_TEMP,WS_sensorData_PM2_5,WS_sensorData_FILTER25,WS_sensorData_PM_10_25,WS_sensorData_BP,WS_sensorData_PREC,WS_sensorData_O_Xyle,WS_sensorData_EthylB,WS_sensorData_BENZN,WS_sensorData_TOL,WS_sensorData_SR,WS_sensorData_RH,WS_sensorData_TOLUEN,WS_sensorData_NO2_TRAFIC,WS_sensorData_NO_TRAFIC,WS_sensorData_NOX_TRAFIC,WS_sensorData_CO_TRAFIC,WSV2_sensorData_BENZN,WSV2_sensorData_TOLUEN,date,time
WS,Kiryat-Binyamin,sensorData,json,2017-06-27T19:01:19.132Z,5,0,4,22.09,1.3,299,,,,,,,,,,,,,,,,,,,,,,,,,,27/06/17,19:01:19.132Z
WS,Kiryat-Binyamin,sensorData,json,2017-06-27T13:32:02.591Z,5,0,5,21.86,3,300,,,,,,,,,,,,,,,,,,,,,,,,,,27/06/17,13:32:02.591Z
WS,Ahuza,sensorData,json,2017-06-27T12:34:49.433Z,19.3,4,25.5,,,,25.6,77.8,0.4,-0.04,13,34.2,28.4,18,2,16.2,1004,0,,,,,,,,,,,,,,27/06/17,12:34:49.433Z
WS,Daliat-el-Carmel,sensorData,json,2017-06-27T20:34:27.655Z,10.9,-0.1,10.7,9.82,1.2,316,,,0.9,,,,23.5,16.9,,,,,0,0.7,-0.19,1.4,,,,,,,,,,27/06/17,20:34:27.655Z
WS,Daliat-el-Carmel,sensorData,json,2017-06-27T18:32:46.586Z,11.6,-0.5,10.8,13.64,1.5,312,,,0.8,,,,24,9.5,,,,,-0.1,0.4,-0.21,0.4,,,,,,,,,,27/06/17,18:32:46.586Z
WS,Igud,sensorData,json,2017-06-27T20:34:28.582Z,6.2,3.3,11.4,14.53,1,284,22.3,65.6,0,,20,20.2,24.5,9.9,44,10.3,1003,0,,,,,7.5,,,,,,,,,27/06/17,20:34:28.582Z
WS,Shprintsak,sensorData,json,2017-06-27T12:34:52.395Z,11.5,0.9,13.1,,2.5,358,21,88.4,0,0.3,5,35.1,27.3,12.4,39,22.6,983,0,,,,,863.3,61,,,,,,,,27/06/17,12:34:52.395Z
WS,Daliat-el-Carmel,sensorData,json,2017-06-27T16:02:28.202Z,6.1,0.3,6.5,14.97,1.6,316,,,0.4,,,,25.1,16.6,,,,,-0.2,0,-0.27,0,,,,,,,,,,27/06/17,16:02:28.202Z
WS,Daliat-el-Carmel,sensorData,json,2017-06-27T23:33:29.125Z,7.4,-1.1,5.7,11.34,0.8,116,,,,,,,21.3,21.9,,,,,-0.2,0.3,-0.18,1.1,,,,,,,,,,27/06/17,23:33:29.125Z
WS,Daliat-el-Carmel,sensorData,json,2017-06-27T21:03:10.155Z,9.9,-0.3,9.4,11.84,1.1,322,,,0.9,,,,23.4,13.2,,,,,0,0.8,-0.17,1.6,,,,,,,,,,27/06/17,21:03:10.155Z
WS,Old-Market,sensorData,json,2017-06-27T19:30:06.750Z,1.7,-0.1,1.4,21.81,0.8,62,24.2,59.9,3.4,,,,,,,,,,,,,,,,,,,,,,,27/06/17,19:30:06.750Z
WS,Kiryat-Tivon,sensorData,json,2017-06-27T16:31:09.840Z,,,,,,,,,0,,,,,,,,,,,,,,,,,,,,,,,27/06/17,16:31:09.840Z
WS,Ahuza,sensorData,json,2017-06-27T20:34:35.532Z,10.6,-0.1,10.4,,,,25.6,72.8,0.2,-0.02,15,16.8,23.3,10,2,6.8,1005,0,,,,,,,,,,,,,,27/06/17,20:34:35.532Z
WS,Shprintsak,sensorData,json,2017-06-27T20:34:36.458Z,15.6,-0.2,15.1,,1.5,300,20.6,66.4,-0.4,0.37,5,24.4,23.3,16,40,8.4,984,0,,,,,39.8,82,,,,,,,,27/06/17,20:34:36.458Z
WS,Kiryat-Bialik,sensorData,json,2017-06-27T14:36:42.358Z,11.4,3.6,17,21.33,1.7,310,26.9,72.6,1,,17,26,26.9,21.3,30,,,0,0,0,-0.22,,,60,0.5,29,10,45,0.29,,,27/06/17,14:36:42.358Z
WS,Daliat-el-Carmel,sensorData,json,2017-06-27T15:33:58.782Z,3.2,-0.8,1.9,14.35,2.6,321,,,0.3,,,,25.7,24.2,,,,,-0.2,0,-0.27,0,,,,,,,,,,27/06/17,15:33:58.782Z
WS,Kiryat-Motzkin,sensorData,json,2017-06-27T12:35:01.588Z,15,0,16,18.39,5.4,336,26.6,98,1.3,,,,,,,,,,,,,,,,,,,,,,,27/06/17,12:35:01.588Z
WS,Neve-Shaanan,sensorData,json,2017-06-27T00:32:03.605Z,14.6,-0.3,14,,0.3,175,,,-0.7,,44,18.4,,,,,,,0,-0.5,-0.09,,,,0,,,,,,,27/06/17,00:32:03.605Z
WS,Nesher,sensorData,json,2017-06-27T19:37:28.024Z,7.3,0.1,7.4,,,,,38,,0.2,,18,,9,,,,,0,0.1,0,,,,0.1,,,,,,,27/06/17,19:37:28.024Z
WS,Daliat-el-Carmel,sensorData,json,2017-06-27T18:04:25.113Z,6.1,0.7,7.2,15.69,1.6,321,,,0.2,,,,24.4,9,,,,,-0.2,0.1,-0.22,0.3,,,,,,,,,,27/06/17,18:04:25.113Z
WS,Old-Market,sensorData,json,2017-06-27T17:00:05.342Z,3,0,3.1,21.53,1.3,19,24.4,56.8,3.3,,,,,,,,,,,,,,,,,,,,,,,27/06/17,17:00:05.342Z
WS,Einstein,sensorData,json,2017-06-27T00:39:25.961Z,,,,,,,,,,,,,,,,,,,,,,,,,,,,,,,,27/06/17,00:39:25.961Z
WS,Nesher,sensorData,json,2017-06-27T23:05:13.172Z,8.2,0,8.3,,,,,20,,0.27,,18,,6,,,,,0,0,0,,,,0,,,,,,,27/06/17,23:05:13.172Z
WS,Kiryat-Binyamin,sensorData,json,2017-06-27T21:32:09.792Z,2,0,1,26.25,1,313,,,,,,,,,,,,,,,,,,,,,,,,,,27/06/17,21:32:09.792Z
WS,Igud,sensorData,json,2017-06-27T18:33:12.547Z,8.4,3.5,13.9,17.26,1.3,290,22.3,63,-0.2,,20,15.9,25,10.5,44,5.3,1004,0,,,,,7.4,,,,,,,,,27/06/17,18:33:12.547Z
WS,Kiryat-Yam,sensorData,json,2017-06-27T12:35:18.578Z,1.8,0.2,2.1,9.9,1.1,269,28.2,,0.6,,,,29.7,,,,,,,,,,,45,,,,,,,,27/06/17,12:35:18.578Z
WS,Kiryat-Binyamin,sensorData,json,2017-06-27T16:31:34.781Z,10,0,9,25.09,1.6,307,,,,,,,,,,,,,,,,,,,,,,,,,,27/06/17,16:31:34.781Z
WS,Igud,sensorData,json,2017-06-27T16:02:57.154Z,5.1,3.7,10.8,19.74,1.9,283,22.2,69.4,0,,19,23.3,25.8,12.8,44,10.5,1003,0,,,,,7.7,,,,,,,,,27/06/17,16:02:57.154Z
WS,Neve-Shaanan,sensorData,json,2017-06-27T13:03:59.738Z,2.8,0.2,3.2,,3.2,349,,,-0.8,,44,26.3,,,,,,,0,-0.5,-0.09,,,,0,,,,,,,27/06/17,13:03:59.738Z
WS,Kiryat-Ata,sensorData,json,2017-06-27T16:31:36.735Z,5.1,-1.7,2.4,19.9,1.8,312,23.5,79.8,0,,53,,,24.6,,,,,,,,,,,,,,,,,,27/06/17,16:31:36.735Z
WS,Kiryat-Bialik,sensorData,json,2017-06-27T14:08:29.856Z,15.9,6.5,25.9,20.2,2.1,312,26.8,79.8,0,,17,27,26.9,21.5,30,,,0,0.1,0.1,-0.21,,,61,0.9,43,15,67,0.54,,,27/06/17,14:08:29.856Z
WS,Kiryat-Tivon,sensorData,json,2017-06-27T22:00:59.556Z,,,,,,,,,0,,,,,,,,,,,,,,,,,,,,,,,27/06/17,22:00:59.556Z
WS,Igud,sensorData,json,2017-06-27T18:04:48.056Z,6.3,3.7,12,19.4,1.4,298,22.3,65.7,-0.1,,19,21.4,25.1,12.2,44,9.2,1003,0,,,,,7.5,,,,,,,,,27/06/17,18:04:48.056Z
WS,Old-Market,sensorData,json,2017-06-27T14:30:05.986Z,1.4,-0.2,1.1,17.57,2.3,8,24.9,57,2.6,,,,,,,,,,,,,,,,,,,,,,,27/06/17,14:30:05.986Z
WS,Igud,sensorData,json,2017-06-27T23:34:08.078Z,,,,15.86,0.1,1,23,56.5,0,,20,25.3,23.6,10,45,15.2,1002,0,,,,,9.4,,,,,,,,,27/06/17,23:34:08.078Z
WS,Kiryat-Tivon,sensorData,json,2017-06-27T01:01:13.307Z,,,,,,,,,0,,,,,,,,,,,,,,,,,,,,,,,27/06/17,01:01:13.307Z
WS,Kiryat-Ata,sensorData,json,2017-06-27T13:32:50.599Z,11.1,-1.2,9.2,23.36,2.7,321,23.1,101.8,0.3,,52,,,28.5,,,,,,,,,,,,,,,,,,27/06/17,13:32:50.599Z
WS,Shprintsak,sensorData,json,2017-06-27T00:03:58.002Z,1.5,0,1.4,,,,25.6,92,-1.3,,15,16.4,22.7,10.8,3,5.5,1004,0,,,,,,,,,,,,,,27/06/17,00:03:58.002Z
WS,Igud,sensorData,json,2017-06-27T15:34:33.730Z,3.9,3.4,9.2,18.21,2.5,295,22.2,70.3,0,,19,27.9,26.3,14.7,44,13.1,1002,0,,,,,14.3,,,,,,,,,27/06/17,15:34:33.730Z
WS,Kiryat-Ata,sensorData,json,2017-06-27T19:02:15.094Z,10.6,-2,7.6,19.49,1.4,311,23.6,67.7,0,,53,,,15.2,,,,,,,,,,,,,,,,,,27/06/17,19:02:15.094Z
WS,Kiryat-Bialik,sensorData,json,2017-06-27T15:06:01.986Z,18.9,3.8,24.8,37.3,0.9,341,27,79.6,0.2,,17,27,26.5,21.3,30,,,0,0.1,0,-0.2,,,61,0.6,52,31,99,0.42,,,27/06/17,15:06:01.986Z
WS,Daliat-el-Carmel,sensorData,json,2017-06-27T13:04:20.677Z,8.3,0.2,8.7,15.86,3.4,317,,,0.9,,,,27.3,18,,,,,-0.2,0.2,-0.24,1.3,,,,,,,,,,27/06/17,13:04:20.677Z
WS,Kiryat-Binyamin,sensorData,json,2017-06-27T22:01:13.515Z,5,0,3,54.42,0.2,327,,,,,,,,,,,,,,,,,,,,,,,,,,27/06/17,22:01:13.515Z
WS,Igud,sensorData,json,2017-06-27T21:03:59.094Z,4.9,3.2,9.9,18.72,0.9,289,22.3,67.2,0.1,,20,12.2,24.5,8.6,44,3.5,1003,0,,,,,7.8,,,,,,,,,27/06/17,21:03:59.094Z
WS,Kiryat-Motzkin,sensorData,json,2017-06-27T00:04:09.918Z,8.4,-0.1,8.1,,1.8,257,20.9,72.6,-0.3,0.27,5,,22.5,6.8,40,-8.1,983,0,,,,,39.6,80,,,,,,,,27/06/17,00:04:09.918Z
WS,Nesher,sensorData,json,2017-06-27T14:37:36.327Z,2.9,0.5,3.5,,,,,42,,0.2,,17,,11,,,,,0,0.1,0,,,,0.1,,,,,,,27/06/17,14:37:36.327Z
WS,Kiryat-Tivon,sensorData,json,2017-06-27T17:00:47.263Z,,,,,,,,,0,,,,,,,,,,,,,,,,,,,,,,,27/06/17,17:00:47.263Z
WS,Nesher,sensorData,json,2017-06-27T14:08:59.898Z,4.1,0.6,4.7,,,,,41,,0.2,,18,,11,,,,,0,0,0,,,,0.1,,,,,,,27/06/17,14:08:59.898Z
WS,Old-Market,sensorData,json,2017-06-27T22:30:05.074Z,,,,36.67,0.2,231,23.7,50,2.3,,,,,,,,,,,,,,,,,,,,,,,27/06/17,22:30:05.074Z
WS,Kiryat-Motzkin,sensorData,json,2017-06-27T20:35:35.418Z,25,0,24,11.15,2.6,337,27.2,55,0.5,,,,,,,,,,,,,,,,,,,,,,,27/06/17,20:35:35.418Z
WS,Ahuza,sensorData,json,2017-06-27T18:33:54.456Z,23.7,0,23.6,,,,25.7,55.9,0.3,-0.04,14,25.9,23.6,14.5,2,11.3,1005,0,,,,,,,,,,,,,,27/06/17,18:33:54.456Z
WS,Daliat-el-Carmel,sensorData,json,2017-06-27T00:33:00.652Z,,,,10.91,0.6,121,,,0.6,,,,20.5,13.3,,,,,-0.2,0.3,-0.21,1,,,,,,,,,,27/06/17,00:33:00.652Z
WS,Nesher,sensorData,json,2017-06-27T15:06:20.913Z,4.5,0.7,5.2,,,,,42,,0.2,,21,,13,,,,,0,0,0,,,,0.1,,,,,,,27/06/17,15:06:20.913Z
WS,Kiryat-Tivon,sensorData,json,2017-06-27T14:01:57.378Z,,,,,,,,,0,,,,,,,,,,,,,,,,,,,,,,,27/06/17,14:01:57.378Z
WS,Kiryat-Bialik,sensorData,json,2017-06-27T17:36:45.272Z,10.5,-0.6,9.5,22.67,0.9,36,26.5,71.4,0.4,,17,29,25.7,22.6,30,,,0,0,0,-0.19,,,64,0.6,11,0,11,0.59,,,27/06/17,17:36:45.272Z
WS,Neve-Shaanan,sensorData,json,2017-06-27T19:02:41.985Z,2.6,-0.8,1.3,,1.5,0,,,-0.8,,44,18.5,,,,,,,0,-0.5,-0.04,,,,0,,,,,,,27/06/17,19:02:41.985Z
WS,Ahuza,sensorData,json,2017-06-27T15:35:07.687Z,28.6,4.1,35,,,,25.5,63.5,0.2,-0.04,14,30.4,24.9,16.8,2,13.5,1004,0,,,,,,,,,,,,,,27/06/17,15:35:07.687Z
WS,Ahuza,sensorData,json,2017-06-27T16:03:46.124Z,30.4,4.8,37.9,,,,25.6,55.7,0.2,-0.04,14,30.4,24.5,16.7,2,13.6,1004,0,,,,,,,,,,,,,,27/06/17,16:03:46.124Z
WS,Kiryat-Ata,sensorData,json,2017-06-27T21:33:03.730Z,13.9,-2,10.7,19.19,1.3,309,23.6,67.3,0,,53,,,15,,,,,,,,,,,,,,,,,,27/06/17,21:33:03.730Z
WS,Kiryat-Binyamin,sensorData,json,2017-06-27T01:01:51.217Z,36,2,40,13.12,0.7,108,,,,,,,,,,,,,,,,,,,,,,,,,,27/06/17,01:01:51.217Z
WS,Daliat-el-Carmel,sensorData,json,2017-06-27T19:02:46.908Z,8,-0.6,7.1,11.75,1.4,311,,,0.5,,,,23.6,12.3,,,,,-0.1,0.4,-0.19,0.4,,,,,,,,,,27/06/17,19:02:46.908Z
WS,Ahuza,sensorData,json,2017-06-27T23:34:48.017Z,,,,,,,25.7,91.6,-1.2,0,15,14.1,22.7,8.8,3,5.3,1004,0,,,,,,,,,,,,,,27/06/17,23:34:48.017Z
WS,Kiryat-Binyamin,sensorData,json,2017-06-27T14:02:08.303Z,5,0,5,23.04,2.9,302,,,,,,,,,,,,,,,,,,,,,,,,,,27/06/17,14:02:08.303Z
WS,Ahuza,sensorData,json,2017-06-27T18:05:34.995Z,22.7,0.3,23.3,,,,25.8,59.2,0.2,-0.04,14,28.6,23.7,14,2,14.5,1005,0,,,,,,,,,,,,,,27/06/17,18:05:34.995Z
WS,Kiryat-Ata,sensorData,json,2017-06-27T22:01:48.499Z,12.4,-1.9,9.5,20.33,1.1,312,23.6,67.9,0,,53,,,12.1,,,,,,,,,,,,,,,,,,27/06/17,22:01:48.499Z
WS,Neve-Shaanan,sensorData,json,2017-06-27T16:32:31.678Z,4.5,-0.5,3.6,,2.4,0,,,-0.6,,44,23,,,,,,,0,-0.5,0,,,,0.1,,,,,,,27/06/17,16:32:31.678Z
WS,Shprintsak,sensorData,json,2017-06-27T18:05:35.943Z,19.3,-0.2,18.9,,1.4,341,21.1,68.4,0.1,0.29,5,34.8,23.7,12.4,40,22.4,984,0,,,,,39.6,82,,,,,,,,27/06/17,18:05:35.943Z
WS,Old-Market,sensorData,json,2017-06-27T20:00:08.116Z,1.8,-0.1,1.6,21.23,0.8,61,24.3,60.2,3.8,,,,,,,,,,,,,,,,,,,,,,,27/06/17,20:00:08.116Z
WS,Neve-Shaanan,sensorData,json,2017-06-27T21:33:11.678Z,3.4,-0.1,3.3,,2.2,356,,,-0.9,,44,24.6,,,,,,,0,-0.5,-0.09,,,,0,,,,,,,27/06/17,21:33:11.678Z
WS,Neve-Shaanan,sensorData,json,2017-06-27T13:33:35.569Z,3.2,0.5,4,,3.2,355,,,-1,,44,28,,,,,,,0,-0.5,-0.09,,,,0,,,,,,,27/06/17,13:33:35.569Z
WS,Shprintsak,sensorData,json,2017-06-27T23:34:55.954Z,4.5,-0.2,4.2,,1.6,268,20.9,77.2,-0.4,0.27,5,5.6,22.7,8,40,-2.3,983,0,,,,,39.8,81,,,,,,,,27/06/17,23:34:55.954Z
WS,Kiryat-Motzkin,sensorData,json,2017-06-27T18:05:41.894Z,13,0,12,8.58,3.3,328,27.1,74,0.3,,,,,,,,,,,,,,,,,,,,,,,27/06/17,18:05:41.894Z
WS,Kiryat-Binyamin,sensorData,json,2017-06-27T17:01:18.219Z,8,0,7,24.83,1.6,313,,,,,,,,,,,,,,,,,,,,,,,,,,27/06/17,17:01:18.219Z
WS,Kiryat-Yam,sensorData,json,2017-06-27T00:04:50.827Z,8,0,7,53.81,0.3,128,27.1,,-0.3,,,,,,,,,,,,,,,,,,,,,,,27/06/17,00:04:50.827Z
WS,Kiryat-Yam,sensorData,json,2017-06-27T20:36:04.359Z,3.5,0,3.4,18.03,0.7,284,25.7,,0,,,,23.1,,,,,,,,,,,53,,,,,,,,27/06/17,20:36:04.359Z
WS,Shprintsak,sensorData,json,2017-06-27T16:04:07.058Z,20.8,-0.1,20.5,,1.4,348,21.4,70.6,2.1,0.26,5,27.5,24.3,11.2,40,16.3,984,0,,,,,51.8,77,,,,,,,,27/06/17,16:04:07.058Z
WS,Kiryat-Bialik,sensorData,json,2017-06-27T12:36:32.563Z,15.7,7.1,26.6,20.43,2.2,315,26.4,76.7,0,,17,28,27.6,21.1,30,,,0,0.2,0.1,-0.18,,,56,3.7,39,14,61,0,,,27/06/17,12:36:32.563Z
WS,Kiryat-Motzkin,sensorData,json,2017-06-27T16:04:07.997Z,11,0,10,10.33,3.9,326,27.3,79,0.7,,,,,,,,,,,,,,,,,,,,,,,27/06/17,16:04:07.997Z
WS,Ahuza,sensorData,json,2017-06-27T21:04:49.034Z,5.8,-0.3,5.3,,,,25.7,82.2,0,-0.03,15,17.3,23.3,9.6,2,7.7,1005,0,,,,,,,,,,,,,,27/06/17,21:04:49.034Z
WS,Kiryat-Motzkin,sensorData,json,2017-06-27T23:35:09.885Z,9,0,8,51.71,0.2,147,27.2,64,-0.3,,,,,,,,,,,,,,,,,,,,,,,27/06/17,23:35:09.885Z
WS,Old-Market,sensorData,json,2017-06-27T17:30:05.924Z,2.4,0,2.3,26.86,0.8,44,24.4,55.5,3.2,,,,,,,,,,,,,,,,,,,,,,,27/06/17,17:30:05.924Z
WS,Shprintsak,sensorData,json,2017-06-27T18:34:31.408Z,26,-0.1,25.7,,1.3,337,21,61.3,1.2,0.34,5,38,23.6,18,40,19.9,984,0,,,,,39.6,83,,,,,,,,27/06/17,18:34:31.408Z
WS,Igud,sensorData,json,2017-06-27T13:05:14.698Z,3.5,3.6,9,21.84,3.3,274,21.9,73.8,0,,19,43.2,27.7,18.7,43,24.5,1002,0,,,,,213.4,,,,,,,,,27/06/17,13:05:14.698Z
WS,Kiryat-Tivon,sensorData,json,2017-06-27T19:31:47.702Z,,,,,,,,,0,,,,,,,,,,,,,,,,,,,,,,,27/06/17,19:31:47.702Z
WS,Kiryat-Binyamin,sensorData,json,2017-06-27T19:31:48.638Z,5,0,4,21.86,1.2,306,,,,,,,,,,,,,,,,,,,,,,,,,,27/06/17,19:31:48.638Z
WS,Ahuza,sensorData,json,2017-06-27T00:33:40.444Z,9.8,2.7,14,17.75,0.3,129,22.3,43.1,-0.1,,20,29.3,23.2,13.5,45,15.8,1002,0,,,,,9.4,,,,,,,,,27/06/17,00:33:40.444Z
WS,Kiryat-Ata,sensorData,json,2017-06-27T17:01:31.140Z,6.7,-1.7,4.1,20.58,1.9,315,23.6,80.3,0,,53,,,20.4,,,,,,,,,,,,,,,,,,27/06/17,17:01:31.140Z
WS,Daliat-el-Carmel,sensorData,json,2017-06-27T13:33:56.537Z,6.6,0,6.8,18.9,3.4,320,,,0.9,,,,27,11.5,,,,,-0.2,0.1,-0.28,0.9,,,,,,,,,,27/06/17,13:33:56.537Z
WS,Kiryat-Ata,sensorData,json,2017-06-27T14:02:36.281Z,9,-1.5,6.5,25.59,2.7,322,23.1,93.4,0.5,,52,,,28.3,,,,,,,,,,,,,,,,,,27/06/17,14:02:36.281Z
WS,Igud,sensorData,json,2017-06-27T13:33:59.515Z,3.2,3.8,9.1,19.48,3.5,274,22,74.2,-0.2,,19,31.2,27.4,15.9,43,15.2,1002,0,,,,,156.4,,,,,,,,,27/06/17,13:33:59.515Z
WS,Kiryat-Yam,sensorData,json,2017-06-27T23:35:21.824Z,-1.3,-0.1,-1.4,5.93,0.7,275,25.5,,0,,,,22.1,,,,,,,,,,,59,,,,,,,,27/06/17,23:35:21.824Z
WS,Shprintsak,sensorData,json,2017-06-27T15:35:46.662Z,22.2,0.1,22.4,,1.8,0,21.4,66.9,0.3,0.27,5,32.1,24.8,12.7,39,19.4,983,0,,,,,122,76,,,,,,,,27/06/17,15:35:46.662Z
WS,Igud,sensorData,json,2017-06-27T19:03:22.874Z,6.6,3.4,12,15.64,1.3,275,22.3,64.7,-0.1,,20,17.7,24.9,10.6,44,7.1,1004,0,,,,,7.5,,,,,,,,,27/06/17,19:03:22.874Z
WS,Daliat-el-Carmel,sensorData,json,2017-06-27T21:33:42.643Z,7.7,-1,6.1,11.86,1.2,312,,,0.6,,,,23.3,14,,,,,0,0.9,-0.11,1.6,,,,,,,,,,27/06/17,21:33:42.643Z
WS,Kiryat-Motzkin,sensorData,json,2017-06-27T15:35:50.598Z,13,0,12,12.56,4.3,326,27.1,79,1.2,,,,,,,,,,,,,,,,,,,,,,,27/06/17,15:35:50.598Z
WS,Kiryat-Hayim-Regavim,sensorData,json,2017-06-27T00:05:16.759Z,-0.9,0,-1,8.44,0.5,276,25.6,,0.1,,,,21.9,,,,,,,,,,,61,,,,,,,,27/06/17,00:05:16.759Z
WS,Shprintsak,sensorData,json,2017-06-27T21:05:08.950Z,5.2,-0.3,4.7,,1.7,302,20.6,82.8,-0.5,0.3,5,17.3,23.2,11.6,40,5.7,984,0,,,,,39.7,82,,,,,,,,27/06/17,21:05:08.950Z
WS,Old-Market,sensorData,json,2017-06-27T15:00:05.551Z,1.5,-0.1,1.3,17.23,2.2,14,24.9,60.2,2.8,,,,,,,,,,,,,,,,,,,,,,,27/06/17,15:00:05.551Z
WS,Kiryat-Tivon,sensorData,json,2017-06-27T14:31:27.938Z,,,,,,,,,0,,,,,,,,,,,,,,,,,,,,,,,27/06/17,14:31:27.938Z
WS,Kiryat-Ata,sensorData,json,2017-06-27T19:32:08.577Z,16.6,-1.5,14.2,19.64,1.7,309,23.7,61.8,0,,53,,,16.9,,,,,,,,,,,,,,,,,,27/06/17,19:32:08.577Z
WS,Neve-Shaanan,sensorData,json,2017-06-27T17:01:51.232Z,3.5,-0.3,2.9,,2.3,0,,,-0.7,,44,20.7,,,,,,,0,-0.5,-0.01,,,,0,,,,,,,27/06/17,17:01:51.232Z
WS,Kiryat-Bialik,sensorData,json,2017-06-27T20:36:36.292Z,8.2,-0.5,7.3,23.78,1.3,40,25.1,61.4,0.3,,17,22,25.2,16.2,30,,,0,0.1,0,-0.24,,,64,1,8,0,7,0.74,,,27/06/17,20:36:36.292Z
WS,Kiryat-Tivon,sensorData,json,2017-06-27T22:31:09.189Z,,,,,,,,,0,,,,,,,,,,,,,,,,,,,,,,,27/06/17,22:31:09.189Z
WS,Nesher,sensorData,json,2017-06-27T17:37:40.223Z,6.8,0.1,6.9,,,,,41,,0.19,,18,,10,,,,,0,0,0,,,,0.1,,,,,,,27/06/17,17:37:40.223Z
WS,Kiryat-Binyamin,sensorData,json,2017-06-27T14:31:33.898Z,6,0,7,26.36,2.3,309,,,,,,,,,,,,,,,,,,,,,,,,,,27/06/17,14:31:33.898Z
WS,Daliat-el-Carmel,sensorData,json,2017-06-27T16:33:20.610Z,7.2,0.3,7.7,12.91,1.8,319,,,0.5,,,,24.7,19.4,,,,,-0.2,0,-0.23,0,,,,,,,,,,27/06/17,16:33:20.610Z
WS,Kiryat-Ata,sensorData,json,2017-06-27T01:02:46.124Z,15.7,-1.2,13.8,16.74,0.6,102,23.6,46.5,0,,53,,,6.9,,,,,,,,,,,,,,,,,,27/06/17,01:02:46.124Z
WS,Neve-Shaanan,sensorData,json,2017-06-27T22:02:40.400Z,1.2,-0.3,0.7,,1.6,349,,,-1.1,,44,17.4,,,,,,,0,-0.5,-0.09,,,,0,,,,,,,27/06/17,22:02:40.400Z
WS,Neve-Shaanan,sensorData,json,2017-06-27T01:02:49.044Z,26.5,-0.1,26.3,,1.2,164,,,-0.7,,44,22.8,,,,,,,0.1,-0.4,0.03,,,,2.6,,,,,,,27/06/17,01:02:49.044Z
WS,Nesher,sensorData,json,2017-06-27T12:37:10.495Z,1,0.1,1.2,,,,,42,,0.18,,23,,13,,,,,0,0,0,,,,0.1,,,,,,,27/06/17,12:37:10.495Z
WS,Daliat-el-Carmel,sensorData,json,2017-06-27T01:02:49.962Z,,,,10.98,1.2,110,,,0.8,,,,20.5,16.8,,,,,-0.1,0.3,-0.17,1.1,,,,,,,,,,27/06/17,01:02:49.962Z
WS,Kiryat-Tivon,sensorData,json,2017-06-27T20:01:01.087Z,,,,,,,,,0,,,,,,,,,,,,,,,,,,,,,,,27/06/17,20:01:01.087Z
WS,Kiryat-Motzkin,sensorData,json,2017-06-27T18:35:11.338Z,23,0,22,8.12,2.5,323,27.2,57,0.3,,,,,,,,,,,,,,,,,,,,,,,27/06/17,18:35:11.338Z
WS,Daliat-el-Carmel,sensorData,json,2017-06-27T17:02:08.177Z,8.4,-0.2,7.9,13.64,1.9,316,,,0.7,,,,24.5,15,,,,,-0.2,0.2,-0.21,0.3,,,,,,,,,,27/06/17,17:02:08.177Z
WS,Kiryat-Bialik,sensorData,json,2017-06-27T20:15:24.810Z,10,-0.5,9.2,18.51,1.4,57,25.3,69.1,0.1,,17,24,25.3,16.9,30,,,0,0.1,0,-0.21,,,64,1,8,0,7,0.91,,,27/06/17,20:15:24.810Z
WS,Kiryat-Bialik,sensorData,json,2017-06-27T23:35:50.797Z,4,-0.6,3,13.59,0.4,266,24.5,,0,,17,20,24.5,15.2,30,,,0,0,0,-0.19,,,64,3.7,4,0,3,,,,27/06/17,23:35:50.797Z
WS,Kiryat-Yam,sensorData,json,2017-06-27T18:06:35.842Z,9.3,-0.2,8.9,15.81,0.6,283,25.8,,,,,,23.3,,,,,,,,,,,60,,,,,,,,27/06/17,18:06:35.842Z
WS,Old-Market,sensorData,json,2017-06-27T12:30:09.522Z,1,-0.2,0.6,24.35,2,352,25,54.3,3.7,,,,,,,,,,,,,,,,,,,,,,,27/06/17,12:30:09.522Z
WS,Old-Market,sensorData,json,2017-06-27T23:00:10.885Z,,,,37.18,0.4,204,23.7,50.4,3,,,,,,,,,,,,,,,,,,,,,,,27/06/17,23:00:10.885Z
WS,Kiryat-Yam,sensorData,json,2017-06-27T16:05:03.908Z,8.4,0,8.4,11.93,0.7,280,26.6,,0.7,,,,24.9,,,,,,,,,,,59,,,,,,,,27/06/17,16:05:03.908Z
WS,Neve-Shaanan,sensorData,json,2017-06-27T19:32:39.504Z,1.5,-1.1,-0.1,,1.4,359,,,-0.7,,44,15,,,,,,,0,-0.5,-0.09,,,,0,,,,,,,27/06/17,19:32:39.504Z
WS,Ahuza,sensorData,json,2017-06-27T13:06:07.695Z,24.4,4.8,31.9,,,,25.6,72.1,0.4,-0.04,14,36.6,28.5,19.2,2,17.3,1004,0,,,,,,,,,,,,,,27/06/17,13:06:07.695Z
WS,Neve-Shaanan,sensorData,json,2017-06-27T14:03:24.199Z,1.5,-0.1,1.2,,3.4,358,,,-1.2,,44,19.7,,,,,,,0,-0.5,-0.09,,,,0,,,,,,,27/06/17,14:03:24.199Z
WS,Igud,sensorData,json,2017-06-27T16:33:44.583Z,5.7,3.5,11.1,17.5,2.3,290,22.2,72.8,0.2,,19,28.8,25.5,14.4,44,14.3,1003,0,,,,,6.3,,,,,,,,,27/06/17,16:33:44.583Z
WS,Kiryat-Motzkin,sensorData,json,2017-06-27T21:05:45.902Z,26,0,25,11.22,2.5,338,27.2,55,0.5,,,,,,,,,,,,,,,,,,,,,,,27/06/17,21:05:45.902Z
WS,Ahuza,sensorData,json,2017-06-27T13:34:49.467Z,19.6,4.7,26.8,,,,25.7,72,0,-0.04,14,34.7,27.3,18.9,2,15.8,1004,0,,,,,,,,,,,,,,27/06/17,13:34:49.467Z
WS,Nesher,sensorData,json,2017-06-27T20:15:41.749Z,5.5,0.1,5.6,,,,,41,,0.19,,17,,9,,,,,0,0,0,,,,0.1,,,,,,,27/06/17,20:15:41.749Z
WS,Igud,sensorData,json,2017-06-27T17:02:26.134Z,6.8,3.7,12.6,17.55,2,292,22.2,71.9,0,,19,22.6,25.3,13.2,44,9.4,1003,0,,,,,7.2,,,,,,,,,27/06/17,17:02:26.134Z
WS,Shprintsak,sensorData,json,2017-06-27T00:34:36.370Z,1.8,0,1.8,,,,25.6,92.4,-1.6,,15,12.6,22.8,8.1,3,4.5,1004,0,,,,,,,,,,,,,,27/06/17,00:34:36.370Z
WS,Shprintsak,sensorData,json,2017-06-27T13:06:13.659Z,15.7,1.4,17.9,,2.5,358,21.1,84.2,0.1,0.29,5,22.1,27.1,12.5,39,9.5,983,0,,,,,742.3,62,,,,,,,,27/06/17,13:06:13.659Z
WS,Kiryat-Ata,sensorData,json,2017-06-27T14:32:07.831Z,10.3,-1.4,8.1,22.07,2.9,323,23.1,84.3,0.4,,52,,,28,,,,,,,,,,,,,,,,,,27/06/17,14:32:07.831Z
WS,Kiryat-Binyamin,sensorData,json,2017-06-27T22:31:45.159Z,,,,47.77,0.4,78,,,,,,,,,,,,,,,,,,,,,,,,,,27/06/17,22:31:45.159Z
WS,Daliat-el-Carmel,sensorData,json,2017-06-27T22:03:07.333Z,9.3,-0.8,7.9,31.99,0.1,121,,,0.9,,,,22.7,12.9,,,,,0,0.8,-0.16,1.6,,,,,,,,,,27/06/17,22:03:07.333Z
WS,Igud,sensorData,json,2017-06-27T21:34:29.541Z,5.5,3.2,10.4,23.8,0.5,301,22.3,64.6,0,,20,15.6,24.3,9.1,44,6.4,1003,0,,,,,7.7,,,,,,,,,27/06/17,21:34:29.541Z
WS,Kiryat-Tivon,sensorData,json,2017-06-27T23:00:23.834Z,,,,,,,,,0,,,,,,,,,,,,,,,,,,,,,,,27/06/17,23:00:23.834Z
WS,Nesher,sensorData,json,2017-06-27T20:37:14.261Z,4.4,0.2,4.7,,,,,42,,0.18,,17,,9,,,,,0,0,0,,,,0.1,,,,,,,27/06/17,20:37:14.261Z
WS,Old-Market,sensorData,json,2017-06-27T20:30:05.949Z,1.4,-0.2,1.1,23.78,0.7,52,24.2,60.9,3.1,,,,,,,,,,,,,,,,,,,,,,,27/06/17,20:30:05.949Z
WS,Kiryat-Tivon,sensorData,json,2017-06-27T17:31:10.871Z,,,,,,,,,0,,,,,,,,,,,,,,,,,,,,,,,27/06/17,17:31:10.871Z
WS,Igud,sensorData,json,2017-06-27T22:03:13.289Z,4.6,3,9.3,29.78,0,270,22.3,64.5,0.1,,20,11.9,24.1,8.4,44,3.4,1003,0,,,,,8.2,,,,,,,,,27/06/17,22:03:13.289Z
WS,Ahuza,sensorData,json,2017-06-27T16:33:56.526Z,30.1,1.7,32.8,,,,25.7,55.5,0.2,-0.04,14,30.1,24.2,16.1,2,14,1004,0,,,,,,,,,,,,,,27/06/17,16:33:56.526Z
WS,Shprintsak,sensorData,json,2017-06-27T16:33:58.453Z,16.5,-0.3,16,,1.9,331,21.4,77.2,1.5,0.26,5,23.9,24,10.9,40,12.9,984,0,,,,,40,78,,,,,,,,27/06/17,16:33:58.453Z
WS,Ahuza,sensorData,json,2017-06-27T19:04:18.809Z,23.7,0.1,23.9,,,,25.8,50.3,0.1,-0.03,15,23.6,23.6,13.3,2,10.2,1005,0,,,,,,,,,,,,,,27/06/17,19:04:18.809Z
WS,Kiryat-Ata,sensorData,json,2017-06-27T22:31:55.064Z,,,,15.99,1.1,313,24.1,70.1,0,,53,,,15.3,,,,,,,,,,,,,,,,,,27/06/17,22:31:55.064Z
WS,Kiryat-Yam,sensorData,json,2017-06-27T15:36:46.510Z,6.9,0.4,7.5,16.56,0.8,279,27,,0.8,,,,25.9,,,,,,,,,,,60,,,,,,,,27/06/17,15:36:46.510Z
WS,Daliat-el-Carmel,sensorData,json,2017-06-27T19:33:02.437Z,9,-0.7,7.9,12.73,1.4,317,,,0.1,,,,23.6,13.3,,,,,-0.2,0,-0.24,0.6,,,,,,,,,,27/06/17,19:33:02.437Z
WS,Nesher,sensorData,json,2017-06-27T00:06:15.708Z,15.8,-0.4,15.2,52.99,0.7,227,23,,1.7,,17,21.1,23.1,,,,,0,0.1,0.1,-0.17,,,63,4.1,,,,,,,27/06/17,00:06:15.708Z
WS,Nesher,sensorData,json,2017-06-27T23:36:27.728Z,8.5,-0.1,8.3,,,,,,,0.26,,38,,28,,,,,0.2,0.1,0.1,,,,0.5,,,,,,,27/06/17,23:36:27.728Z
WS,Shprintsak,sensorData,json,2017-06-27T19:04:27.752Z,20.7,0,20.7,,1.3,320,20.9,67.1,1.4,0.38,5,38,23.5,20.8,40,17.1,984,0,,,,,39.7,82,,,,,,,,27/06/17,19:04:27.752Z
WS,Kiryat-Motzkin,sensorData,json,2017-06-27T16:34:08.409Z,12,0,11,9.35,4.1,328,27,78,0.6,,,,,,,,,,,,,,,,,,,,,,,27/06/17,16:34:08.409Z
WS,Kiryat-Yam,sensorData,json,2017-06-27T18:35:52.297Z,8.3,-0.2,8,21.55,0.5,286,25.8,,0,,,,23.4,,,,,,,,,,,56,,,,,,,,27/06/17,18:35:52.297Z
WS,Neve-Shaanan,sensorData,json,2017-06-27T22:32:06.029Z,,,,,1.1,350,,,-0.6,,44,21.1,,,,,,,0,-0.5,-0.09,,,,0,,,,,,,27/06/17,22:32:06.029Z
WS,Daliat-el-Carmel,sensorData,json,2017-06-27T14:03:52.158Z,6.7,0.5,7.5,13.16,3.5,308,,,0.8,,,,26.7,12.3,,,,,-0.2,0,-0.27,0.7,,,,,,,,,,27/06/17,14:03:52.158Z
WS,Igud,sensorData,json,2017-06-27T19:33:09.393Z,7.4,3.3,12.6,16.55,0.9,294,22.3,63,0,,20,17.2,24.8,9.8,44,7.4,1004,0,,,,,7.5,,,,,,,,,27/06/17,19:33:09.393Z
WS,Kiryat-Motzkin,sensorData,json,2017-06-27T13:06:36.609Z,20,1,22,15.44,5.1,337,26.9,98,1.7,,,,,,,,,,,,,,,,,,,,,,,27/06/17,13:06:36.609Z
WS,Neve-Shaanan,sensorData,json,2017-06-27T14:32:32.753Z,1.7,-0.4,1.1,,2.8,357,,,-1.3,,44,19.2,,,,,,,0,-0.5,-0.09,,,,0,,,,,,,27/06/17,14:32:32.753Z
WS,Kiryat-Motzkin,sensorData,json,2017-06-27T00:35:02.310Z,,,,,2.1,242,21,76.4,-0.1,0.26,5,,22.4,5.5,41,-28,983,0,,,,,39.5,74,,,,,,,,27/06/17,00:35:02.310Z
WS,Old-Market,sensorData,json,2017-06-27T18:00:09.402Z,2.8,0,2.9,24.04,0.8,47,24.3,54.7,3,,,,,,,,,,,,,,,,,,,,,,,27/06/17,18:00:09.402Z
WS,Kiryat-Binyamin,sensorData,json,2017-06-27T20:01:53.209Z,5,0,4,28.27,0.9,319,,,,,,,,,,,,,,,,,,,,,,,,,,27/06/17,20:01:53.209Z
WS,Kfar-Hasidim,sensorData,json,2017-06-27T00:06:29.623Z,4.7,-0.7,3.6,20.12,0.5,241,24.5,,0.2,,,19,,15.1,30,,,,,,,,,,,5,0,4,0.12,,,27/06/17,00:06:29.623Z
WS,Ahuza,sensorData,json,2017-06-27T21:35:01.477Z,2.2,-0.4,1.5,,,,25.5,86,,0,15,17.3,23.2,10.6,2,6.6,1004,0,,,,,,,,,,,,,,27/06/17,21:35:01.477Z
WS,Ahuza,sensorData,json,2017-06-27T01:03:48.867Z,6.8,2.6,10.9,17.71,0.5,114,22.3,44.4,-0.1,,20,18,22.9,11.9,45,6.1,1002,0,,,,,10,,,,,,,,,27/06/17,01:03:48.867Z
WS,Kiryat-Binyamin,sensorData,json,2017-06-27T17:31:39.846Z,8,0,8,25.95,1.3,315,,,,,,,,,,,,,,,,,,,,,,,,,,27/06/17,17:31:39.846Z
WS,Kiryat-Binyamin,sensorData,json,2017-06-27T23:00:56.784Z,21,0,22,54.9,0.2,114,,,,,,,,,,,,,,,,,,,,,,,,,,27/06/17,23:00:56.784Z
WS,Kiryat-Tivon,sensorData,json,2017-06-27T12:31:01.541Z,,,,,,,,,0,,,,,,,,,,,,,,,,,,,,,,,27/06/17,12:31:01.541Z
WS,Daliat-el-Carmel,sensorData,json,2017-06-27T14:32:44.717Z,7.7,0,7.6,18.2,3,320,,,0.2,,,,26.5,13.9,,,,,-0.3,0,-0.3,0.3,,,,,,,,,,27/06/17,14:32:44.717Z
WS,Ahuza,sensorData,json,2017-06-27T22:03:43.234Z,2.3,-0.4,1.5,,,,25.7,89.1,,-0.04,15,14.6,23.3,9.2,2,5.3,1005,0,,,,,,,,,,,,,,27/06/17,22:03:43.234Z
WS,Shprintsak,sensorData,json,2017-06-27T13:35:29.427Z,11,0.8,12.2,,2.5,348,21.2,82.2,0,0.29,5,39.2,26.5,14.8,39,24.4,983,0,,,,,615.4,67,,,,,,,,27/06/17,13:35:29.427Z
WS,Shprintsak,sensorData,json,2017-06-27T01:03:52.815Z,7.8,0.1,8,,,,25.7,,-1.4,0.03,15,15.4,22.5,9.6,3,5.8,1004,0,,,,,,,,,,,,,,27/06/17,01:03:52.815Z
WS,Ahuza,sensorData,json,2017-06-27T17:03:06.065Z,25.4,3,30.1,,,,25.6,61.5,0.3,-0.04,14,29.6,24,16.3,2,13.2,1005,0,,,,,,,,,,,,,,27/06/17,17:03:06.065Z
WS,Igud,sensorData,json,2017-06-27T14:32:48.657Z,4.5,3.8,10.5,22,2.7,293,22,68,-0.1,,19,12.8,27.4,11.2,44,1.6,1002,0,,,,,64,,,,,,,,,27/06/17,14:32:48.657Z
WS,Kiryat-Motzkin,sensorData,json,2017-06-27T19:04:49.711Z,20,0,19,10.36,2.6,328,27.3,58,0.4,,,,,,,,,,,,,,,,,,,,,,,27/06/17,19:04:49.711Z
WS,Kiryat-Yam,sensorData,json,2017-06-27T21:06:31.840Z,1.9,-0.1,1.7,18.14,0.7,283,25.7,,0,,,,22.9,,,,,,,,,,,54,,,,,,,,27/06/17,21:06:31.840Z
WS,Daliat-el-Carmel,sensorData,json,2017-06-27T22:32:26.962Z,10.9,-0.1,10.7,19.43,0.3,115,,,,,,,21.9,17.1,,,,,0,1.1,-0.11,1.6,,,,,,,,,,27/06/17,22:32:26.962Z
WS,Kiryat-Motzkin,sensorData,json,2017-06-27T13:35:37.378Z,14,0,16,17.87,5.4,351,26.8,94,1.4,,,,,,,,,,,,,,,,,,,,,,,27/06/17,13:35:37.378Z
WS,Old-Market,sensorData,json,2017-06-27T15:30:11.056Z,2.6,0,2.5,23.14,1.5,31,24.7,59.8,3.3,,,,,,,,,,,,,,,,,,,,,,,27/06/17,15:30:11.056Z
WS,Shprintsak,sensorData,json,2017-06-27T21:35:15.429Z,6.1,-0.2,5.7,,2,276,20.7,80,,0.31,5,14.7,23,9.7,40,4.9,984,0,,,,,39.8,84,,,,,,,,27/06/17,21:35:15.429Z
WS,Kiryat-Bialik,sensorData,json,2017-06-27T16:05:59.867Z,9.1,-0.7,7.9,17.88,1.1,49,26.9,86.1,0.1,,17,28,25.8,21.7,30,,,0,0,0,-0.28,,,64,0.3,15,0,16,0.26,,,27/06/17,16:05:59.867Z
WS,Igud,sensorData,json,2017-06-27T14:04:19.102Z,4.8,4.1,11.3,21.35,2.5,298,22,68.4,0,,19,30.6,27.7,15.6,44,15,1002,0,,,,,106,,,,,,,,,27/06/17,14:04:19.102Z
WS,Ahuza,sensorData,json,2017-06-27T19:33:36.342Z,14.6,0.1,14.8,,,,25.7,60.2,0,0,15,22,23.4,12.7,2,9.2,1005,0,,,,,,,,,,,,,,27/06/17,19:33:36.342Z
WS,Igud,sensorData,json,2017-06-27T22:32:34.926Z,7.3,3,11.9,25.41,0.5,349,22.7,58.9,,,20,18.3,24,9.3,44,9,1003,0,,,,,8.4,,,,,,,,,27/06/17,22:32:34.926Z
WS,Einstein,sensorData,json,2017-06-27T00:06:50.566Z,,,,,,,,,,,,,,,,,,,,,,,,,,,,,,,,27/06/17,00:06:50.566Z
WS,Kiryat-Yam,sensorData,json,2017-06-27T13:35:44.342Z,3.8,0.5,4.8,5.49,1.3,271,27.9,,0.8,,,,28.9,,,,,,,,,,,43,,,,,,,,27/06/17,13:35:44.342Z
WS,Kiryat-Tivon,sensorData,json,2017-06-27T15:01:42.487Z,,,,,,,,,0,,,,,,,,,,,,,,,,,,,,,,,27/06/17,15:01:42.487Z
WS,Kiryat-Bialik,sensorData,json,2017-06-27T18:07:50.827Z,6.3,-0.8,5.1,17.51,1.3,58,26.3,72.1,0.1,,17,27,25.6,19.9,30,,,0,0,0,-0.2,,,64,0.5,6,0,5,0.6,,,27/06/17,18:07:50.827Z
WS,Shprintsak,sensorData,json,2017-06-27T17:03:25.990Z,9.3,-0.3,8.9,,1.7,323,21.3,83.7,0,0.27,5,23.4,23.9,11.7,40,11.7,984,0,,,,,39.7,80,,,,,,,,27/06/17,17:03:25.990Z
WS,Shprintsak,sensorData,json,2017-06-27T22:04:06.191Z,5.3,-0.3,4.8,,1.7,269,20.9,77.9,,0.31,5,15.2,22.9,7.9,40,7.2,984,0,,,,,39.8,84,,,,,,,,27/06/17,22:04:06.191Z
WS,Kiryat-Yam,sensorData,json,2017-06-27T00:35:41.215Z,8,0,7,4.06,1.3,127,27.2,63,-0.3,,,,,,,,,,,,,,,,,,,,,,,27/06/17,00:35:41.215Z
WS,Old-Market,sensorData,json,2017-06-27T23:30:05.362Z,4.2,0.8,5.5,24.96,0.7,187,23.6,,2.5,,,,,,,,,,,,,,,,,,,,,,,27/06/17,23:30:05.362Z
WS,Old-Market,sensorData,json,2017-06-27T13:00:09.773Z,1.2,-0.1,0.9,19.89,2.2,349,25,53.8,3.1,,,,,,,,,,,,,,,,,,,,,,,27/06/17,13:00:09.773Z
WS,Kiryat-Binyamin,sensorData,json,2017-06-27T15:01:52.441Z,4,0,4,23.6,2.4,316,,,,,,,,,,,,,,,,,,,,,,,,,,27/06/17,15:01:52.441Z
WS,Kiryat-Yam,sensorData,json,2017-06-27T16:34:56.334Z,11.6,-0.1,11.4,17,0.7,282,26.3,,0.7,,,,24.4,,,,,,,,,,,56,,,,,,,,27/06/17,16:34:56.334Z
WS,Ahuza,sensorData,json,2017-06-27T22:32:51.858Z,2,-0.4,1.3,,,,25.6,93.7,-1.3,-0.04,15,6.9,23.3,4,3,2.8,1004,0,,,,,,,,,,,,,,27/06/17,22:32:51.858Z
WS,Kiryat-Yam,sensorData,json,2017-06-27T13:07:26.586Z,3.2,0.9,4.7,9.11,1.4,271,28.1,,0.4,,,,29.5,,,,,,,,,,,44,,,,,,,,27/06/17,13:07:26.586Z
WS,Kiryat-Ata,sensorData,json,2017-06-27T17:32:20.752Z,5.8,-1.7,3.2,21.83,1.8,316,23.5,80.4,0.2,,53,,,19.6,,,,,,,,,,,,,,,,,,27/06/17,17:32:20.752Z
WS,Nesher,sensorData,json,2017-06-27T16:06:26.810Z,3.8,0,3.8,,,,,46,,0.2,,20,,11,,,,,0,0,0,,,,0.1,,,,,,,27/06/17,16:06:26.810Z
WS,Old-Market,sensorData,json,2017-06-27T00:00:06.499Z,3.2,0.3,3.7,13.12,0.9,182,23.9,43.8,2,,,,,,,,,,,,,,,,,,,,,,,27/06/17,00:00:06.499Z
WS,Kiryat-Ata,sensorData,json,2017-06-27T20:02:42.125Z,12.4,-1.9,9.4,19.5,1.7,313,23.6,70.4,0,,53,,,12.8,,,,,,,,,,,,,,,,,,27/06/17,20:02:42.125Z
WS,Shprintsak,sensorData,json,2017-06-27T19:34:05.275Z,19,-0.1,18.7,,1.1,316,20.8,69.9,0.2,0.44,5,26.3,23.5,20.6,40,5.7,984,0,,,,,39.7,82,,,,,,,,27/06/17,19:34:05.275Z
WS,Shprintsak,sensorData,json,2017-06-27T22:33:02.801Z,4.3,-0.2,3.8,,1.8,279,20.9,81.7,-0.3,,5,5.6,22.9,6.7,40,-1,983,0,,,,,39.8,82,,,,,,,,27/06/17,22:33:02.801Z
WS,Old-Market,sensorData,json,2017-06-27T21:00:04.415Z,1.5,-0.2,1.2,27.71,0.7,46,24.2,61.3,1.2,,,,,,,,,,,,,,,,,,,,,,,27/06/17,21:00:04.415Z
WS,Kiryat-Ata,sensorData,json,2017-06-27T15:02:10.391Z,10.3,-1.4,8.1,23.46,2.4,318,23.1,78.2,0.2,,52,,,19.3,,,,,,,,,,,,,,,,,,27/06/17,15:02:10.391Z
WS,Neve-Shaanan,sensorData,json,2017-06-27T17:32:31.721Z,4.6,0.1,4.8,,1.9,5,,,-0.8,,44,20.1,,,,,,,0,-0.5,-0.07,,,,0,,,,,,,27/06/17,17:32:31.721Z
WS,Kiryat-Motzkin,sensorData,json,2017-06-27T01:04:41.727Z,6.9,-0.2,6.6,,2,248,21.2,78,-0.2,0.26,5,,22.4,7.7,40,-19.6,983,0,,,,,39.7,75,,,,,,,,27/06/17,01:04:41.727Z
WS,Kiryat-Tivon,sensorData,json,2017-06-27T18:01:11.348Z,,,,,,,,,0,,,,,,,,,,,,,,,,,,,,,,,27/06/17,18:01:11.348Z
WS,Kiryat-Motzkin,sensorData,json,2017-06-27T17:03:55.908Z,18,0,17,8.19,4.6,328,27.2,77,0.7,,,,,,,,,,,,,,,,,,,,,,,27/06/17,17:03:55.908Z
WS,Kiryat-Motzkin,sensorData,json,2017-06-27T21:35:57.363Z,22,0,21,12.37,2,333,27.3,61,0.5,,,,,,,,,,,,,,,,,,,,,,,27/06/17,21:35:57.363Z
WS,Kiryat-Motzkin,sensorData,json,2017-06-27T22:33:13.738Z,,,,25.97,1.5,337,27.1,77,,,,,,,,,,,,,,,,,,,,,,,,27/06/17,22:33:13.738Z
WS,Daliat-el-Carmel,sensorData,json,2017-06-27T17:32:35.640Z,7.1,-0.1,6.9,14.13,2.2,320,,,0.2,,,,24.5,12,,,,,-0.2,0.2,-0.21,0.4,,,,,,,,,,27/06/17,17:32:35.640Z
WS,Kiryat-Bialik,sensorData,json,2017-06-27T15:38:04.463Z,12,0.7,13.1,32.12,0.9,36,27,84.6,0.1,,17,30,26.1,22.1,30,,,0,0.1,0,-0.28,,,63,0.3,30,14,53,0.33,,,27/06/17,15:38:04.463Z
WS,Kiryat-Yam,sensorData,json,2017-06-27T19:05:40.616Z,,,,12.34,0.6,278,25.8,,-0.2,,,,23.4,,,,,,,,,,,55,,,,,,,,27/06/17,19:05:40.616Z
WS,Kiryat-Binyamin,sensorData,json,2017-06-27T12:31:59.515Z,6,1,8,23.73,3.1,299,,,,,,,,,,,,,,,,,,,,,,,,,,27/06/17,12:31:59.515Z
WS,Kiryat-Ata,sensorData,json,2017-06-27T23:01:55.720Z,9.5,-1.5,7.2,14.81,0.8,317,24,71.3,0,,53,,,16.1,,,,,,,,,,,,,,,,,,27/06/17,23:01:55.720Z
WS,Kiryat-Ata,sensorData,json,2017-06-27T12:32:00.514Z,10,-1.2,8.1,25.32,2.5,323,23.2,103,1.5,,52,,,19.6,,,,,,,,,,,,,,,,,,27/06/17,12:32:00.514Z
WS,Nesher,sensorData,json,2017-06-27T15:38:07.438Z,4.6,0.4,5,,,,,44,,0.2,,15,,10,,,,,0,0,0,,,,0.1,,,,,,,27/06/17,15:38:07.438Z
WS,Ahuza,sensorData,json,2017-06-27T14:33:44.574Z,16.6,2.3,20.1,,,,25.6,72.3,0.3,-0.04,14,30.3,26,17,2,13.3,1004,0,,,,,,,,,,,,,,27/06/17,14:33:44.574Z
WS,Kiryat-Hayim-Regavim,sensorData,json,2017-06-27T00:36:17.134Z,-0.1,-0.2,-0.5,4.13,0.6,275,25.6,,0,,,,21.7,,,,,,,,,,,62,,,,,,,,27/06/17,00:36:17.134Z
WS,Kiryat-Bialik,sensorData,json,2017-06-27T18:37:12.259Z,11.7,-0.5,10.8,16.67,1,54,26,77.3,0.1,,17,24,25.5,19.4,30,,,0,0,0,-0.24,,,64,0.7,9,0,8,0.68,,,27/06/17,18:37:12.259Z
WS,Old-Market,sensorData,json,2017-06-27T18:30:02.802Z,1.7,-0.1,1.4,23.56,0.8,55,24.3,58.3,2.8,,,,,,,,,,,,,,,,,,,,,,,27/06/17,18:30:02.802Z
WS,Neve-Shaanan,sensorData,json,2017-06-27T23:02:03.679Z,1.9,-0.2,1.5,,1.2,353,,,-0.7,,44,19,,,,,,,0,-0.5,-0.09,,,,0,,,,,,,27/06/17,23:02:03.679Z
WS,Ahuza,sensorData,json,2017-06-27T14:05:12.037Z,19.2,4.2,25.7,,,,25.8,75.1,0.2,-0.04,14,30.2,26.6,16.3,2,13.8,1004,0,,,,,,,,,,,,,,27/06/17,14:05:12.037Z
WS,Kiryat-Yam,sensorData,json,2017-06-27T21:36:11.310Z,0.6,-0.1,0.3,14.57,0.6,281,25.7,,0,,,,22.6,,,,,,,,,,,56,,,,,,,,27/06/17,21:36:11.310Z
WS,Neve-Shaanan,sensorData,json,2017-06-27T15:02:30.327Z,2.9,0.1,3.1,,2.5,2,,,-1.2,,44,23.7,,,,,,,0,-0.5,-0.07,,,,0,,,,,,,27/06/17,15:02:30.327Z
WS,Kiryat-Tivon,sensorData,json,2017-06-27T00:00:35.406Z,,,,,,,,,0,,,,,,,,,,,,,,,,,,,,,,,27/06/17,00:00:35.406Z
WS,Kiryat-Bialik,sensorData,json,2017-06-27T21:07:37.796Z,12.2,-0.4,11.5,22.28,1,20,24.9,64.5,0.1,,17,27,25.1,17.5,30,,,0,0.1,0.1,-0.18,,,64,1.5,10,0,9,0.69,,,27/06/17,21:07:37.796Z
WS,Kiryat-Binyamin,sensorData,json,2017-06-27T00:00:39.321Z,34,1,36,17.44,0.5,110,,,,,,,,,,,,,,,,,,,,,,,,,,27/06/17,00:00:39.321Z
WS,Kiryat-Tivon,sensorData,json,2017-06-27T20:31:52.887Z,,,,,,,,,0,,,,,,,,,,,,,,,,,,,,,,,27/06/17,20:31:52.887Z
WS,Daliat-el-Carmel,sensorData,json,2017-06-27T15:02:41.276Z,4.6,0,4.5,16.72,3,318,,,0.4,,,,26.1,13.5,,,,,-0.2,0,-0.3,0.2,,,,,,,,,,27/06/17,15:02:41.276Z
WS,Kiryat-Bialik,sensorData,json,2017-06-27T13:08:09.544Z,15.4,5.9,24.5,23.46,1.8,304,26.5,79,0,,17,26,27.3,19.6,30,,,0,0,0,-0.27,,,58,1.3,39,14,61,0.51,,,27/06/17,13:08:09.544Z
WS,Kiryat-Motzkin,sensorData,json,2017-06-27T22:05:02.098Z,,,,17.12,1.5,344,27.2,76,0.3,,,,,,,,,,,,,,,,,,,,,,,27/06/17,22:05:02.098Z
WS,Nesher,sensorData,json,2017-06-27T18:08:49.725Z,7.2,0,7.1,,,,,39,,0.21,,20,,12,,,,,0,0,0,,,,0.1,,,,,,,27/06/17,18:08:49.725Z
WS,Kiryat-Tivon,sensorData,json,2017-06-27T15:31:22.006Z,,,,,,,,,0,,,,,,,,,,,,,,,,,,,,,,,27/06/17,15:31:22.006Z
WS,Igud,sensorData,json,2017-06-27T15:02:44.210Z,3.1,3.4,8.5,19.26,3,298,22.1,71,-0.1,,19,24.8,26.7,13.7,44,11,1002,0,,,,,31.9,,,,,,,,,27/06/17,15:02:44.210Z
WS,Old-Market,sensorData,json,2017-06-27T16:00:02.497Z,2.3,0,2.2,22.9,1.2,34,24.6,61.5,3.1,,,,,,,,,,,,,,,,,,,,,,,27/06/17,16:00:02.497Z
WS,Kiryat-Motzkin,sensorData,json,2017-06-27T19:34:49.212Z,21,0,20,12.65,2.5,332,27.3,56,0.5,,,,,,,,,,,,,,,,,,,,,,,27/06/17,19:34:49.212Z
WS,Kiryat-Binyamin,sensorData,json,2017-06-27T20:32:07.817Z,4,0,3,24.84,1.1,306,,,,,,,,,,,,,,,,,,,,,,,,,,27/06/17,20:32:07.817Z
WS,Kiryat-Tivon,sensorData,json,2017-06-27T21:00:46.381Z,,,,,,,,,0,,,,,,,,,,,,,,,,,,,,,,,27/06/17,21:00:46.381Z
WS,Kiryat-Binyamin,sensorData,json,2017-06-27T21:00:48.311Z,2,0,1,29.69,0.9,317,,,,,,,,,,,,,,,,,,,,,,,,,,27/06/17,21:00:48.311Z
WS,Daliat-el-Carmel,sensorData,json,2017-06-27T23:02:32.626Z,8.3,-0.5,7.4,16.62,0.6,118,,,,,,,21.7,18.5,,,,,0,1,-0.04,1.6,,,,,,,,,,27/06/17,23:02:32.626Z
WS,Kiryat-Yam,sensorData,json,2017-06-27T01:05:27.643Z,14,0,13,6.52,2,140,27.2,48,-0.4,,,,,,,,,,,,,,,,,,,,,,,27/06/17,01:05:27.643Z
WS,Neve-Shaanan,sensorData,json,2017-06-27T12:32:40.492Z,3.6,0,3.6,,3.2,351,,,-0.8,,44,28.6,,,,,,,0,-0.5,-0.09,,,,0,,,,,,,27/06/17,12:32:40.492Z
WS,Shprintsak,sensorData,json,2017-06-27T14:05:43.999Z,8.7,0.3,9.2,,2.4,343,21.2,84.6,-0.1,0.28,5,35.9,26.2,13,39,22.8,983,0,,,,,484.9,69,,,,,,,,27/06/17,14:05:43.999Z
WS,Kiryat-Ata,sensorData,json,2017-06-27T00:01:04.254Z,10.2,-1.6,7.6,13.85,0.8,312,24.2,,0,,53,,,15.9,,,,,,,,,,,,,,,,,,27/06/17,00:01:04.254Z
WS,Kiryat-Yam,sensorData,json,2017-06-27T17:04:43.841Z,12.4,0,12.4,10.41,0.7,280,26,,0.7,,,,24,,,,,,,,,,,56,,,,,,,,27/06/17,17:04:43.841Z
WS,Kiryat-Tivon,sensorData,json,2017-06-27T16:00:18.469Z,,,,,,,,,0,,,,,,,,,,,,,,,,,,,,,,,27/06/17,16:00:18.469Z
WS,Shprintsak,sensorData,json,2017-06-27T14:34:24.523Z,6.3,0,6.4,,2.3,336,21.3,82.8,0.1,0.27,5,25,25.6,11.4,39,13.6,983,0,,,,,355.7,70,,,,,,,,27/06/17,14:34:24.523Z
WS,Kiryat-Tivon,sensorData,json,2017-06-27T23:31:17.303Z,,,,,,,,,0,,,,,,,,,,,,,,,,,,,,,,,27/06/17,23:31:17.303Z
WS,Igud,sensorData,json,2017-06-27T17:33:22.578Z,5.3,3.6,11,19.01,2,297,22.2,70.2,0,,19,20,25.3,12,44,8,1003,0,,,,,6.8,,,,,,,,,27/06/17,17:33:22.578Z
WS,Nesher,sensorData,json,2017-06-27T18:37:48.167Z,4.8,-0.2,4.5,,,,,42,,0.2,,19,,10,,,,,0,0,0,,,,0.1,,,,,,,27/06/17,18:37:48.167Z
WS,Kiryat-Binyamin,sensorData,json,2017-06-27T15:31:43.934Z,6,0,6,23.57,2.1,324,,,,,,,,,,,,,,,,,,,,,,,,,,27/06/17,15:31:43.934Z
WS,Kiryat-Bialik,sensorData,json,2017-06-27T21:36:48.271Z,24.9,-0.4,24.2,27,0.8,346,24.8,72.6,0.2,,17,33,25,20.5,30,,,0,0.1,0.1,-0.19,,,65,2.3,,,,0.65,,,27/06/17,21:36:48.271Z
WS,Kiryat-Bialik,sensorData,json,2017-06-27T13:37:12.358Z,13.9,6.3,23.7,19.84,2.3,310,26.6,84.5,0,,17,27,27,20.7,30,,,0,0,0,-0.23,,,60,1,38,17,65,0.33,,,27/06/17,13:37:12.358Z
WS,Kiryat-Yam,sensorData,json,2017-06-27T22:34:05.705Z,-0.1,-0.1,-0.4,9.69,0.7,277,25.5,,0,,,,22.3,,,,,,,,,,,58,,,,,,,,27/06/17,22:34:05.705Z
WS,Kiryat-Motzkin,sensorData,json,2017-06-27T14:34:30.453Z,16,0,17,11.94,5.2,328,26.8,80,1.2,,,,,,,,,,,,,,,,,,,,,,,27/06/17,14:34:30.453Z
WS,Kiryat-Yam,sensorData,json,2017-06-27T22:05:29.062Z,-0.6,0,-0.7,9.08,0.6,278,25.7,,0,,,,22.4,,,,,,,,,,,57,,,,,,,,27/06/17,22:05:29.062Z
WS,Nesher,sensorData,json,2017-06-27T13:37:15.295Z,2.1,0.5,2.7,,,,,41,,0.18,,18,,12,,,,,0,0,0,,,,0.1,,,,,,,27/06/17,13:37:15.295Z
WS,Igud,sensorData,json,2017-06-27T23:02:45.586Z,6.8,3,11.5,14.79,0.2,347,22.3,58.2,,,20,21.3,23.9,10.2,44,11.1,1003,0,,,,,9.1,,,,,,,,,27/06/17,23:02:45.586Z
WS,Old-Market,sensorData,json,2017-06-27T13:30:06.839Z,1.5,0,1.4,20.79,2.2,358,25,56.5,2.6,,,,,,,,,,,,,,,,,,,,,,,27/06/17,13:30:06.839Z
WS,Kiryat-Binyamin,sensorData,json,2017-06-27T18:02:08.297Z,6,0,5,26.68,1.1,323,,,,,,,,,,,,,,,,,,,,,,,,,,27/06/17,18:02:08.297Z
WS,Nesher,sensorData,json,2017-06-27T21:08:20.743Z,3.9,0.1,4.1,,,,,44,,0.18,,12,,8,,,,,0,0.1,0,,,,0.1,,,,,,,27/06/17,21:08:20.743Z
WS,Nesher,sensorData,json,2017-06-27T13:08:50.509Z,1,0.2,1.2,,,,,42,,0.18,,23,,13,,,,,0,0,0,,,,0,,,,,,,27/06/17,13:08:50.509Z
WS,Ahuza,sensorData,json,2017-06-27T17:33:42.512Z,23,1.9,26,,,,25.6,62.2,0.5,-0.04,14,28.2,23.9,15.1,2,13.1,1005,0,,,,,,,,,,,,,,27/06/17,17:33:42.512Z
WS,Old-Market,sensorData,json,2017-06-27T00:30:06.918Z,2.1,0,2.2,12.02,1.3,180,23.6,50.1,,,,,,,,,,,,,,,,,,,,,,,,27/06/17,00:30:06.918Z
WS,Kiryat-Yam,sensorData,json,2017-06-27T19:35:27.167Z,,,,11.56,0.7,282,25.8,,-0.1,,,,23.1,,,,,,,,,,,55,,,,,,,,27/06/17,19:35:27.167Z
WS,Kiryat-Hayim-Regavim,sensorData,json,2017-06-27T01:05:55.560Z,-0.1,-0.1,-0.3,2.78,0.7,278,25.5,,-0.1,,,,21.8,,,,,,,,,,,61,,,,,,,,27/06/17,01:05:55.560Z
WS,Old-Market,sensorData,json,2017-06-27T21:30:01.894Z,2.1,-0.1,1.9,33.84,0.5,60,24.2,59.1,1.5,,,,,,,,,,,,,,,,,,,,,,,27/06/17,21:30:01.894Z
WS,Ahuza,sensorData,json,2017-06-27T15:03:29.146Z,16.8,2,20,,,,25.7,69.2,0,-0.04,14,26.2,25.4,14,2,12.1,1004,0,,,,,,,,,,,,,,27/06/17,15:03:29.146Z
WS,Kiryat-Binyamin,sensorData,json,2017-06-27T16:00:45.402Z,7,0,7,29.54,1.2,308,,,,,,,,,,,,,,,,,,,,,,,,,,27/06/17,16:00:45.402Z
WS,Kiryat-Ata,sensorData,json,2017-06-27T15:32:07.884Z,5.9,-1.9,3,22.58,2.1,316,23.2,82.8,0,,52,,,13,,,,,,,,,,,,,,,,,,27/06/17,15:32:07.884Z
WS,Nesher,sensorData,json,2017-06-27T21:37:18.193Z,3.9,-0.1,3.7,,,,,35,,0.21,,19,,10,,,,,0,0,0,,,,0.1,,,,,,,27/06/17,21:37:18.193Z
WS,Kiryat-Bialik,sensorData,json,2017-06-27T19:06:59.553Z,15.9,-0.3,15.3,23.99,0.8,44,25.8,76.5,0.3,,17,24,25.5,19.7,30,,,0,0,0,-0.2,,,64,0.9,12,0,11,0.68,,,27/06/17,19:06:59.553Z
WS,Ahuza,sensorData,json,2017-06-27T23:03:14.500Z,,,,,,,25.6,97.9,-1.3,-0.04,15,13.7,23.2,8.9,3,4.7,1004,0,,,,,,,,,,,,,,27/06/17,23:03:14.500Z
WS,Neve-Shaanan,sensorData,json,2017-06-27T00:01:44.207Z,3.5,0,3.3,,1,339,,,-1.3,,44,18.7,,,,,,,0,-0.5,-0.09,,,,0,,,,,,,27/06/17,00:01:44.207Z
WS,Kiryat-Ata,sensorData,json,2017-06-27T20:33:00.784Z,11.1,-1.8,8.2,19,1.7,311,23.6,71.7,0,,53,,,12.8,,,,,,,,,,,,,,,,,,27/06/17,20:33:00.784Z
WS,Kiryat-Ata,sensorData,json,2017-06-27T21:01:39.256Z,11.6,-1.9,8.5,16.98,1.9,309,23.7,72.3,0,,53,,,15.1,,,,,,,,,,,,,,,,,,27/06/17,21:01:39.256Z
WS,Kiryat-Ata,sensorData,json,2017-06-27T18:02:44.232Z,5.4,-1.8,2.5,22.18,1.3,314,23.6,77.6,0,,53,,,16.8,,,,,,,,,,,,,,,,,,27/06/17,18:02:44.232Z
WS,Old-Market,sensorData,json,2017-06-27T19:00:01.245Z,2,-0.1,1.7,28.82,0.7,45,24.3,58.8,3,,,,,,,,,,,,,,,,,,,,,,,27/06/17,19:00:01.245Z
WS,Kiryat-Tivon,sensorData,json,2017-06-27T13:02:06.698Z,,,,,,,,,0,,,,,,,,,,,,,,,,,,,,,,,27/06/17,13:02:06.698Z
WS,Kiryat-Tivon,sensorData,json,2017-06-27T00:30:29.817Z,,,,,,,,,0,,,,,,,,,,,,,,,,,,,,,,,27/06/17,00:30:29.817Z
WS,Kiryat-Bialik,sensorData,json,2017-06-27T16:36:52.302Z,19.9,1.3,21.9,27.97,0.8,354,26.9,81.1,0.3,,17,24,25.8,20.3,30,,,0,0,0,-0.29,,,63,0.4,36,13,56,0.53,,,27/06/17,16:36:52.302Z
WS,Kiryat-Motzkin,sensorData,json,2017-06-27T14:06:35.975Z,13,0,14,15.85,5,336,26.8,90,1.1,,,,,,,,,,,,,,,,,,,,,,,27/06/17,14:06:35.975Z
WS,Daliat-el-Carmel,sensorData,json,2017-06-27T12:33:32.531Z,9.9,0.9,11.3,15.29,3.5,312,,,0.3,,,,27.5,13.2,,,,,-0.2,0.2,-0.28,1.4,,,,,,,,,,27/06/17,12:33:32.531Z
WS,Shprintsak,sensorData,json,2017-06-27T17:34:11.439Z,13.2,-0.2,12.7,,1.5,336,21.2,74.5,0,0.28,5,34.3,23.8,13,40,21.3,984,0,,,,,39.6,82,,,,,,,,27/06/17,17:34:11.439Z
WS,Kiryat-Binyamin,sensorData,json,2017-06-27T23:32:07.266Z,26,0,26,32.72,0.3,122,,,,,,,,,,,,,,,,,,,,,,,,,,27/06/17,23:32:07.266Z
WS,Kiryat-Bialik,sensorData,json,2017-06-27T22:06:19.009Z,13.8,-0.4,13.1,20.02,0.7,279,24.8,80.2,0,,17,31,24.8,20,30,,,0,0.1,0,-0.23,,,66,3,,,,0.51,,,27/06/17,22:06:19.009Z
WS,Kiryat-Tivon,sensorData,json,2017-06-27T18:31:35.768Z,,,,,,,,,0,,,,,,,,,,,,,,,,,,,,,,,27/06/17,18:31:35.768Z
WS,Kiryat-Ata,sensorData,json,2017-06-27T16:01:20.318Z,4.4,-2.1,1.2,22.15,1.8,311,23.3,82.8,0,,52,,,21.7,,,,,,,,,,,,,,,,,,27/06/17,16:01:20.318Z
WS,Kiryat-Binyamin,sensorData,json,2017-06-27T18:31:41.714Z,8,0,8,27.14,1.1,312,,,,,,,,,,,,,,,,,,,,,,,,,,27/06/17,18:31:41.714Z
WS,Kiryat-Yam,sensorData,json,2017-06-27T14:35:29.421Z,3.4,0.3,4,8.88,1.3,270,27.6,,0.9,,,,27.7,,,,,,,,,,,50,,,,,,,,27/06/17,14:35:29.421Z
WS,Nesher,sensorData,json,2017-06-27T00:37:59.071Z,26.1,0.1,26.4,54.37,0.6,175,23.1,50.9,1.5,,17,23.5,22.8,,,,,0,0.1,0.1,0.13,,,61,2.8,,,,,,,27/06/17,00:37:59.071Z
WS,Old-Market,sensorData,json,2017-06-27T16:30:02.889Z,3.9,0.3,4.4,23.15,1.2,24,24.5,58.7,3.2,,,,,,,,,,,,,,,,,,,,,,,27/06/17,16:30:02.889Z
WS,Shprintsak,sensorData,json,2017-06-27T23:03:45.418Z,4.1,-0.3,3.6,,1.8,271,20.9,80.6,-0.3,,5,8.7,22.8,8.3,40,0.4,983,0,,,,,39.8,83,,,,,,,,27/06/17,23:03:45.418Z
WS,Kiryat-Ata,sensorData,json,2017-06-27T18:31:44.651Z,4.5,-1.9,1.4,19.42,1.5,314,23.6,77.4,0,,53,,,17,,,,,,,,,,,,,,,,,,27/06/17,18:31:44.651Z
WS,Neve-Shaanan,sensorData,json,2017-06-27T20:33:29.708Z,2.4,-0.6,1.4,,1.9,357,,,-0.8,,44,16.6,,,,,,,0,-0.5,-0.09,,,,0,,,,,,,27/06/17,20:33:29.708Z
WS,Kiryat-Ata,sensorData,json,2017-06-27T23:32:28.226Z,9,-1.6,6.5,15.98,0.6,309,24,,0,,53,,,15.8,,,,,,,,,,,,,,,,,,27/06/17,23:32:28.226Z
WS,Shprintsak,sensorData,json,2017-06-27T15:04:14.095Z,8.6,0,8.6,,2.2,332,21.4,81.6,-0.2,0.26,5,11,25.3,10.2,39,0.7,983,0,,,,,234.5,70,,,,,,,,27/06/17,15:04:14.095Z
WS,Kiryat-Tivon,sensorData,json,2017-06-27T13:31:12.807Z,,,,,,,,,0,,,,,,,,,,,,,,,,,,,,,,,27/06/17,13:31:12.807Z
WS,Kiryat-Motzkin,sensorData,json,2017-06-27T23:03:53.366Z,9,0,8,39.68,0.4,318,27,68,,,,,,,,,,,,,,,,,,,,,,,,27/06/17,23:03:53.366Z
WS,Nesher,sensorData,json,2017-06-27T19:07:41.490Z,1.7,0.1,1.9,,,,,45,,0.19,,19,,10,,,,,0,0.1,0,,,,0.1,,,,,,,27/06/17,19:07:41.490Z
WS,Kiryat-Binyamin,sensorData,json,2017-06-27T13:02:37.649Z,7,1,9,24.06,3.2,298,,,,,,,,,,,,,,,,,,,,,,,,,,27/06/17,13:02:37.649Z
WS,Kiryat-Binyamin,sensorData,json,2017-06-27T00:31:00.781Z,37,13,57,22.4,0.5,112,,,,,,,,,,,,,,,,,,,,,,,,,,27/06/17,00:31:00.781Z
WS,Kiryat-Yam,sensorData,json,2017-06-27T14:07:03.920Z,3,0.2,3.5,6.65,1.4,271,27.7,,1.1,,,,28.7,,,,,,,,,,,44,,,,,,,,27/06/17,14:07:03.920Z
WS,Kiryat-Motzkin,sensorData,json,2017-06-27T17:34:41.383Z,13,0,12,11.34,4.2,329,27.3,79,0.5,,,,,,,,,,,,,,,,,,,,,,,27/06/17,17:34:41.383Z
WS,Igud,sensorData,json,2017-06-27T12:34:05.464Z,4.4,3.8,10.3,24.36,3,284,21.9,74.9,0,,19,19.1,28.1,12.1,43,6.9,1002,0,,,,,273.3,,,,,,,,,27/06/17,12:34:05.464Z
WS,Nesher,sensorData,json,2017-06-27T01:06:54.476Z,27.4,-0.3,26.8,4.7,2.5,118,23,39,1.1,,17,27.5,21.3,,,,,0,0.2,0.2,1.1,,,66,4.2,,,,,,,27/06/17,01:06:54.476Z
WS,Neve-Shaanan,sensorData,json,2017-06-27T15:33:04.869Z,4.9,0,4.8,,2.1,8,,,-0.9,,44,22.1,,,,,,,0,-0.5,-0.07,,,,0,,,,,,,27/06/17,15:33:04.869Z
WS,Neve-Shaanan,sensorData,json,2017-06-27T23:32:43.172Z,2.3,-0.2,1.9,,1,353,,,-1,,44,16.9,,,,,,,0,-0.5,-0.09,,,,0,,,,,,,27/06/17,23:32:43.172Z
WS,Kiryat-Yam,sensorData,json,2017-06-27T23:04:05.296Z,-0.6,-0.2,-1,9.52,0.6,275,25.5,,-0.1,,,,22.1,,,,,,,,,,,59,,,,,,,,27/06/17,23:04:05.296Z
WS,Daliat-el-Carmel,sensorData,json,2017-06-27T00:02:33.130Z,5.6,-0.5,4.8,16.26,0.5,120,,,1.3,,,,20.8,22.2,,,,,-0.2,0.2,-0.21,1,,,,,,,,,,27/06/17,00:02:33.130Z
WS,Neve-Shaanan,sensorData,json,2017-06-27T21:02:26.209Z,2.5,-0.4,1.8,,1.9,2,,,-0.7,,44,17.9,,,,,,,0,-0.5,-0.09,,,,0,,,,,,,27/06/17,21:02:26.209Z
WS,Kfar-Hasidim,sensorData,json,2017-06-27T01:07:00.422Z,4,-0.8,2.8,13.96,0.4,198,24.3,,,,,18,,14.6,30,,,,,,,,,,,6,0,6,0,,,27/06/17,01:07:00.422Z
WS,Old-Market,sensorData,json,2017-06-27T14:00:06.430Z,1.7,-0.1,1.5,17.66,2.4,0,25,55.5,2.2,,,,,,,,,,,,,,,,,,,,,,,27/06/17,14:00:06.430Z
WS,Neve-Shaanan,sensorData,json,2017-06-27T18:03:32.174Z,4.6,0.1,4.8,,1.5,12,,,-1,,44,17.8,,,,,,,0,-0.5,-0.07,,,,0.1,,,,,,,27/06/17,18:03:32.174Z
WS,Kiryat-Motzkin,sensorData,json,2017-06-27T15:04:35.055Z,16,0,16,13.46,4.9,328,27,77,1.1,,,,,,,,,,,,,,,,,,,,,,,27/06/17,15:04:35.055Z
WS,Kiryat-Bialik,sensorData,json,2017-06-27T19:36:36.086Z,9.3,-0.5,8.4,17.65,1.2,60,25.5,69.7,0.2,,17,26,25.4,18.9,30,,,0,0,0,-0.18,,,64,1.4,8,0,7,0.8,,,27/06/17,19:36:36.086Z
WS,Kiryat-Tivon,sensorData,json,2017-06-27T21:31:11.850Z,,,,,,,,,0,,,,,,,,,,,,,,,,,,,,,,,27/06/17,21:31:11.850Z
WS,Neve-Shaanan,sensorData,json,2017-06-27T18:32:14.634Z,4.4,0,4.3,,1.5,9,,,-0.8,,44,16.4,,,,,,,0,-0.5,-0.03,,,,0,,,,,,,27/06/17,18:32:14.634Z
WS,Kiryat-Bialik,sensorData,json,2017-06-27T17:06:23.805Z,15.1,0.5,16,30.26,0.7,355,26.7,77.2,0.2,,17,27,25.8,22.4,30,,,0,0,0,-0.22,,,63,0.4,28,9,43,0.65,,,27/06/17,17:06:23.805Z
WS,Kiryat-Bialik,sensorData,json,2017-06-27T22:35:42.633Z,2.8,-0.6,1.8,9.88,1,288,24.8,79.8,0,,17,25,24.7,17.9,30,,,0,0,0,-0.23,,,66,2.1,7,0,7,0.51,,,27/06/17,22:35:42.633Z
WS,Kiryat-Tivon,sensorData,json,2017-06-27T19:00:58.185Z,,,,,,,,,0,,,,,,,,,,,,,,,,,,,,,,,27/06/17,19:00:58.185Z
WS,Kiryat-Bialik,sensorData,json,2017-06-27T23:04:23.265Z,3.2,-0.7,2,13.7,0.6,281,24.7,76.6,0,,17,21,24.7,17.1,30,,,0,0.1,0,-0.19,,,64,2.9,7,0,8,0.36,,,27/06/17,23:04:23.265Z
WS,Nesher,sensorData,json,2017-06-27T16:37:51.216Z,5.8,0.2,6.1,,,,,44,,0.2,,21,,12,,,,,0,0,0,,,,0.1,,,,,,,27/06/17,16:37:51.216Z
WS,Kiryat-Yam,sensorData,json,2017-06-27T15:04:49.977Z,5,0.3,5.6,12.87,1,275,27.4,,0.7,,,,26.9,,,,,,,,,,,61,,,,,,,,27/06/17,15:04:49.977Z
WS,Old-Market,sensorData,json,2017-06-27T01:00:09.374Z,1.8,0,1.9,13.88,1.2,178,23.9,53.3,,,,,,,,,,,,,,,,,,,,,,,,27/06/17,01:00:09.374Z
WS,Kfar-Hasidim,sensorData,json,2017-06-27T00:38:40.978Z,2.3,-0.7,1.1,12.17,0.5,196,24.4,,0.4,,,19,,15,30,,,,,,,,,,,3,0,2,0.24,,,27/06/17,00:38:40.978Z
WS,Nesher,sensorData,json,2017-06-27T22:35:49.587Z,,,,,,,,18,,0.32,,44,,28,,,,,0,0.1,0.1,,,,0.5,,,,,,,27/06/17,22:35:49.587Z
WS,Nesher,sensorData,json,2017-06-27T22:07:12.959Z,7.9,0.1,8.1,,,,,22,,0.27,,26,,16,,,,,0,0.1,0,,,,0.4,,,,,,,27/06/17,22:07:12.959Z
WS,Neve-Shaanan,sensorData,json,2017-06-27T16:02:10.247Z,5.4,0.4,6.1,,1.6,3,,,-0.8,,44,16.6,,,,,,,0,-0.5,-0.07,,,,0,,,,,,,27/06/17,16:02:10.247Z
WS,Old-Market,sensorData,json,2017-06-27T22:00:06.620Z,1.5,-0.2,1.1,50.74,0.3,339,24.2,59.8,1.6,,,,,,,,,,,,,,,,,,,,,,,27/06/17,22:00:06.620Z
WS,Kiryat-Yam,sensorData,json,2017-06-27T17:35:15.313Z,10.4,-0.2,10,19.87,0.6,283,26,,0.6,,,,23.5,,,,,,,,,,,62,,,,,,,,27/06/17,17:35:15.313Z
WS,Nesher,sensorData,json,2017-06-27T17:06:37.785Z,5.9,0.1,6.1,,,,,42,,0.2,,21,,13,,,,,0,0.1,0,,,,0.1,,,,,,,27/06/17,17:06:37.785Z
WS,Kiryat-Ata,sensorData,json,2017-06-27T13:03:18.610Z,11.4,-1.3,9.4,24.23,2.5,320,23.2,106,1.1,,52,,,16.9,,,,,,,,,,,,,,,,,,27/06/17,13:03:18.610Z
WS,Ahuza,sensorData,json,2017-06-27T00:03:04.054Z,7.3,2.1,10.6,10.37,0,26,22.4,52,-0.1,,20,23.8,23.3,11.9,45,11.8,1002,0,,,,,9.4,,,,,,,,,27/06/17,00:03:04.054Z
WS,Kiryat-Ata,sensorData,json,2017-06-27T00:31:42.681Z,10.1,-1.6,7.6,21.26,0.3,298,24,70.5,0,,53,,,11.4,,,,,,,,,,,,,,,,,,27/06/17,00:31:42.681Z
WSV2,Rekhasim,sensorData,json,2017-06-27T00:31:42.681Z,,,,,,,,,,,,,,,,,,,,,,,,,,,,,,0.3,1.2,27/06/17,00:31:42.681Z